{
  "strategies": [
      {
          "strategy_name": "Simple Moving Average Crossover",
          "indicators": {
              "SMA_short": { "type": "SMA", "period": 20 },
              "SMA_long": { "type": "SMA", "period": 50 }
          },
          "buy": [
              {
                  "left": "SMA_short",
                  "right": "SMA_long",
                  "condition": "GREATER_THAN",
                  "name": "ShortAboveLong"
              }
          ],
          "sell": [
              {
                  "left": "SMA_short",
                  "right": "SMA_long",
                  "condition": "LESS_THAN",
                  "name": "ShortBelowLong"
              }
          ]
      },
      {
          "strategy_name": "MACD Crossover",
          "indicators": {
              "MACD_line": {
                  "type": "MACD",
                  "fast_period": 12,
                  "slow_period": 26,
                  "signal_period": 9
              },
              "MACD_signal": {
                  "type": "MACD",
                  "fast_period": 12,
                  "slow_period": 26,
                  "signal_period": 9
              }
          },
          "buy": [
              {
                  "left": "MACD_line",
                  "right": "MACD_signal",
                  "condition": "GREATER_THAN",
                  "name": "MACDAboveSignal"
              }
          ],
          "sell": [
              {
                  "left": "MACD_line",
                  "right": "MACD_signal",
                  "condition": "LESS_THAN",
                  "name": "MACDBelowSignal"
              }
          ]
      },
      {
          "strategy_name": "RSI Overbought/Oversold",
          "indicators": {
              "RSI": { "type": "RSI", "period": 14 }
          },
          "buy": [
              {
                  "left": "RSI",
                  "right": 30,
                  "condition": "LESS_THAN",
                  "name": "Below30"
              }
          ],
          "sell": [
              {
                  "left": "RSI",
                  "right": 70,
                  "condition": "GREATER_THAN",
                  "name": "Above70"
              }
          ]
      },
      {
          "strategy_name": "MACD and RSI Confirmation",
          "indicators": {
              "MACD_line": {
                  "type": "MACD",
                  "fast_period": 12,
                  "slow_period": 26,
                  "signal_period": 9
              },
              "MACD_signal": {
                  "type": "MACD",
                  "fast_period": 12,
                  "slow_period": 26,
                  "signal_period": 9
              },
              "RSI": { "type": "RSI", "period": 14 }
          },
          "buy": [
              {
                  "left": "MACD_line",
                  "right": "MACD_signal",
                  "condition": "GREATER_THAN",
                  "name": "MACDAboveSignal"
              },
              {
                  "left": "RSI",
                  "right": 70,
                  "condition": "LESS_THAN",
                  "name": "RSINotOverbought"
              }
          ],
          "sell": [
              {
                  "left": "MACD_line",
                  "right": "MACD_signal",
                  "condition": "LESS_THAN",
                  "name": "MACDBelowSignal"
              },
              {
                  "left": "RSI",
                  "right": 30,
                  "condition": "GREATER_THAN",
                  "name": "RSI oversold"
              }
          ]
      },
      {
          "strategy_name": "SMA and RSI Strategy",
          "indicators": {
              "SMA": { "type": "SMA", "period": 50 },
              "RSI": { "type": "RSI", "period": 14 }
          },
          "buy": [
              {
                  "left": "close_price",
                  "right": "SMA",
                  "condition": "GREATER_THAN",
                  "name": "SMA Buy"
              },
              {
                  "left": "RSI",
                  "right": 70,
                  "condition": "LESS_THAN",
                  "name": "RSI Buy"
              }
          ],
          "sell": [
              {
                  "left": "close_price",
                  "right": "SMA",
                  "condition": "LESS_THAN",
                  "name": "SMA Sell"
              },
              {
                  "left": "RSI",
                  "right": 30,
                  "condition": "GREATER_THAN",
                  "name": "RSI Sell"
              }
          ]
      }
  ]
}